{"model":{"version":2,"nodes":[{"name":"RootNode","position":[0,0,0],"rotation":[0,0,0],"scale":[1,1,1],"scaleCompensation":false},{"name":"marble_table","position":[0,5.13478e-16,0],"rotation":[0,-0,0],"scale":[0.01,0.01,0.01],"scaleCompensation":false}],"parents":[-1,0],"skins":[],"morphs":[],"vertices":[{"position":{"type":"float32","components":3,"data":[260.416,3.85046e-05,148.751,-260.416,3.85046e-05,148.751,-260.416,3.85046e-05,-148.751,260.416,3.85046e-05,-148.751,-260.416,15.4239,149.993,260.416,1.24209,149.993,260.416,15.4239,149.993,-260.416,1.24209,149.993,-261.658,1.24209,-148.751,-261.658,1.24209,148.751,-261.658,15.4239,148.751,-261.658,15.4239,-148.751,261.658,1.24209,148.751,261.658,1.24209,-148.751,261.658,15.4239,148.751,261.658,15.4239,-148.751,260.416,16.666,-148.751,-260.416,16.666,-148.751,260.416,16.666,148.751,-260.416,16.666,148.751,-260.416,1.24209,-149.993,260.416,15.4239,-149.993,260.416,1.24209,-149.993,-260.416,15.4239,-149.993,-261.295,0.363829,148.751,-261.295,0.363829,-148.751,-261.295,0.363829,148.751,-261.295,0.363829,-148.751,-260.416,0.363829,149.629,260.416,0.363829,149.629,-260.416,0.363829,149.629,260.416,0.363829,149.629,-261.295,15.4239,149.629,-261.295,1.24209,149.629,-261.295,15.4239,149.629,-261.295,1.24209,149.629,261.295,0.363829,148.751,261.295,0.363829,-148.751,261.295,0.363829,148.751,261.295,0.363829,-148.751,261.295,15.4239,149.629,261.295,1.24209,149.629,261.295,1.24209,149.629,261.295,15.4239,149.629,-261.295,16.3022,148.751,-261.295,16.3022,-148.751,260.416,16.3022,149.629,-260.416,16.3022,149.629,261.295,16.3022,148.751,261.295,16.3022,-148.751,-261.295,15.4239,-149.629,-261.295,1.24209,-149.629,-261.295,1.24209,-149.629,-261.295,15.4239,-149.629,-260.416,16.3022,-149.629,260.416,16.3022,-149.629,261.295,1.24209,-149.629,261.295,15.4239,-149.629,261.295,15.4239,-149.629,261.295,1.24209,-149.629,-260.416,0.363829,-149.629,260.416,0.363829,-149.629,-261.123,0.535321,149.458,-261.123,0.535321,149.458,-261.123,0.535321,149.458,261.123,0.535321,149.458,261.123,0.535321,149.458,261.123,0.535321,149.458,-261.123,16.1307,149.458,-261.123,16.1307,149.458,-261.123,16.1307,149.458,261.123,16.1307,149.458,261.123,16.1307,149.458,261.123,16.1307,149.458,-261.123,16.1307,-149.458,-261.123,16.1307,-149.458,-261.123,16.1307,-149.458,261.123,16.1307,-149.458,261.123,16.1307,-149.458,261.123,16.1307,-149.458,-261.123,0.535321,-149.458,-261.123,0.535321,-149.458,-261.123,0.535321,-149.458,261.123,0.535321,-149.458,261.123,0.535321,-149.458,261.123,0.535321,-149.458]},"normal":{"type":"float32","components":3,"data":[0.000683526,-0.999999,0.00121855,-0.000683526,-0.999999,0.00121855,-0.000683526,-0.999999,-0.00121855,0.000683526,-0.999999,-0.00121855,-0.000670725,0.024136,0.999708,0.000670725,-0.024136,0.999708,0.000670725,0.024136,0.999708,-0.000670725,-0.024136,0.999708,-0.999708,-0.0241279,-0.00119528,-0.999708,-0.0241279,0.00119528,-0.999708,0.0241279,0.00119528,-0.999708,0.0241279,-0.00119528,0.999708,-0.0241279,0.00119528,0.999708,-0.0241279,-0.00119528,0.999708,0.0241279,0.00119528,0.999708,0.0241279,-0.00119528,0.000683524,0.999999,-0.00121854,-0.000683524,0.999999,-0.00121854,0.000683524,0.999999,0.00121854,-0.000683524,0.999999,0.00121854,-0.000670725,-0.024136,-0.999708,0.000670725,0.024136,-0.999708,0.000670725,-0.024136,-0.999708,-0.000670725,0.024136,-0.999708,-0.70711,-0.707103,0.000826547,-0.70711,-0.707103,-0.000826548,-0.70711,-0.707103,0.000826547,-0.70711,-0.707103,-0.000826548,-0.000463668,-0.707109,0.707104,0.000463671,-0.707109,0.707104,-0.000463668,-0.707109,0.707104,0.000463671,-0.707109,0.707104,-0.707014,0.01663,0.707004,-0.707013,-0.0166299,0.707005,-0.707014,0.01663,0.707004,-0.707013,-0.0166299,0.707005,0.707105,-0.707108,0.000826538,0.707105,-0.707108,-0.000826544,0.707105,-0.707108,0.000826538,0.707105,-0.707108,-0.000826544,0.707014,0.0166297,0.707005,0.707013,-0.0166299,0.707005,0.707013,-0.0166299,0.707005,0.707014,0.0166297,0.707005,-0.70711,0.707103,0.00082655,-0.70711,0.707103,-0.000826545,0.000463664,0.707109,0.707104,-0.00046367,0.707109,0.707104,0.707105,0.707108,0.000826542,0.707105,0.707108,-0.00082654,-0.707013,0.0166299,-0.707005,-0.707013,-0.01663,-0.707005,-0.707013,-0.01663,-0.707005,-0.707013,0.0166299,-0.707005,-0.000463663,0.707109,-0.707104,0.000463668,0.707109,-0.707104,0.707013,-0.0166297,-0.707005,0.707014,0.01663,-0.707004,0.707014,0.01663,-0.707004,0.707013,-0.0166297,-0.707005,-0.000463673,-0.707109,-0.707104,0.000463669,-0.707109,-0.707104,-0.577353,-0.577356,0.577342,-0.577353,-0.577356,0.577342,-0.577353,-0.577356,0.577342,0.577352,-0.577359,0.57734,0.577352,-0.577359,0.57734,0.577352,-0.577359,0.57734,-0.577358,0.577355,0.577339,-0.577358,0.577355,0.577339,-0.577358,0.577355,0.577339,0.577358,0.577352,0.577341,0.577358,0.577352,0.577341,0.577358,0.577352,0.577341,-0.577357,0.577353,-0.577341,-0.577357,0.577353,-0.577341,-0.577357,0.577353,-0.577341,0.577357,0.577356,-0.577338,0.577357,0.577356,-0.577338,0.577357,0.577356,-0.577338,-0.577352,-0.577358,-0.577341,-0.577352,-0.577358,-0.577341,-0.577352,-0.577358,-0.577341,0.577354,-0.577355,-0.577342,0.577354,-0.577355,-0.577342,0.577354,-0.577355,-0.577342]},"texCoord0":{"type":"float32","components":2,"data":[0.996289,0.0333827,0.998052,0.869784,0.529316,0.870788,0.527519,0.0343435,0.0291474,0.871865,0.00503227,0.0354126,0.0273794,0.0353655,0.00680044,0.871912,0.501036,0.896196,0.0321973,0.897204,0.0321496,0.874855,0.500988,0.873847,0.0303229,0.0100156,0.499129,0.00905683,0.030369,0.0323632,0.499174,0.0314045,0.49918,0.0344004,0.500981,0.870851,0.0303752,0.0353591,0.0321433,0.871858,0.52632,0.870794,0.502176,0.0343944,0.524523,0.0343495,0.503977,0.870844,0.998056,0.871282,0.529318,0.872285,0.0321999,0.898702,0.50104,0.897694,0.0053024,0.871916,0.00353434,0.0354155,0.99955,0.869781,0.997787,0.0333793,0.0306521,0.874845,0.0306991,0.897219,0.0291633,0.873362,0.00679239,0.87341,0.0303191,0.00851751,0.499126,0.00755888,0.996287,0.031885,0.527515,0.0328456,0.0273888,0.0338684,0.00501802,0.0339146,0.0288246,0.0100065,0.0288715,0.032379,0.0321459,0.873357,0.500985,0.872349,0.0288773,0.0353619,0.0306454,0.871862,0.0303715,0.0338611,0.499178,0.0329024,0.502485,0.873831,0.502534,0.896205,0.526335,0.872292,0.503968,0.872341,0.502479,0.870848,0.500678,0.034397,0.524532,0.0328515,0.502161,0.0328971,0.500672,0.0314141,0.500627,0.0090416,0.527818,0.870791,0.526021,0.0343462,0.0309441,0.898472,0.999308,0.871041,0.00553575,0.87317,0.997545,0.0321261,0.0290647,0.00875289,0.00376215,0.0341609,0.0308817,0.873126,0.0308949,0.87359,0.0304159,0.873118,0.0291194,0.0336331,0.0291081,0.0340948,0.0286424,0.0341072,0.502714,0.872102,0.502237,0.872577,0.502249,0.872114,0.500429,0.0326691,0.500908,0.0331414,0.500442,0.0331316,0.528059,0.87205,0.502295,0.897459,0.527589,0.872047,0.500382,0.00778889,0.526258,0.0330861,0.525787,0.0330917]}}],"meshes":[{"aabb":{"min":[-261.658,3.85046e-05,-149.993],"max":[261.658,16.666,149.993]},"vertices":0,"indices":[0,1,2,0,2,3,4,5,6,5,4,7,8,9,10,10,11,8,12,13,14,14,13,15,16,17,18,19,18,17,20,21,22,21,20,23,24,25,1,1,25,2,9,8,26,26,8,27,28,29,7,5,7,29,1,0,30,31,30,0,32,9,33,9,32,10,34,35,4,4,35,7,36,37,12,12,37,13,0,3,38,38,3,39,6,5,40,40,5,41,12,14,42,43,42,14,44,45,10,10,45,11,19,17,44,44,17,45,46,19,47,19,46,18,4,6,47,46,47,6,48,49,18,18,49,16,14,15,48,48,15,49,50,51,11,8,11,51,52,53,20,20,53,23,54,55,23,21,23,55,16,54,17,54,16,55,22,21,56,56,21,57,13,58,15,58,13,59,60,61,2,3,2,61,20,22,60,61,60,22,9,62,33,62,9,26,63,1,30,1,63,24,7,64,28,64,7,35,0,65,31,65,0,38,66,12,42,12,66,36,5,67,41,67,5,29,19,68,47,68,19,44,69,10,32,10,69,44,70,4,47,4,70,34,14,71,43,71,14,48,72,18,46,18,72,48,6,73,46,73,6,40,23,74,54,74,23,53,11,75,50,75,11,45,17,76,45,76,17,54,15,77,49,77,15,58,21,78,57,78,21,55,16,79,55,79,16,49,2,80,60,80,2,25,8,81,27,81,8,51,82,20,60,20,82,52,13,83,59,83,13,37,3,84,39,84,3,61,22,85,61,85,22,56],"type":"triangles","base":0,"count":324}],"meshInstances":[{"node":1,"mesh":0}]}}